<metadata xml:lang="en"><Esri><CreaDate>20050922</CreaDate><CreaTime>07580100</CreaTime><SyncOnce>FALSE</SyncOnce><DataProperties><lineage><Process Name="Create Feature Class" ToolSource="U:\Program Files\ArcGIS\ArcToolbox\Toolboxes\Data Management Tools.tbx\CreateFeatureclass" Date="20050921" Time="090532" export="">CreateFeatureclass H:\usb_drives\ArcticAtlas\CAVM\cavm_test.mdb\DissolvedData merged # iceland_Layer SAME_AS_TEMPLATE SAME_AS_TEMPLATE "PROJCS['Sphere_ARC_INFO_Lambert_Azimuthal_Equal_Area',GEOGCS['GCS_Sphere_ARC_INFO',DATUM['D_Sphere_ARC_INFO',SPHEROID['Sphere_ARC_INFO',6370997.0,0.0]],PRIMEM['Greenwich',0.0],UNIT['Degree',0.0174532925199433]],PROJECTION['Lambert_Azimuthal_Equal_Area'],PARAMETER['False_Easting',0.0],PARAMETER['False_Northing',0.0],PARAMETER['Central_Meridian',-180.0],PARAMETER['Latitude_Of_Origin',90.0],UNIT['Meter',1.0]];-110000000.000000 -110000000.000000 10.000000;0.000000 100000.000000;0.000000 100000.000000" # 0 0 0 H:\usb_drives\ArcticAtlas\CAVM\cavm_test.mdb\DissolvedData\merged</Process><Process Name="Append" ToolSource="U:\Program Files\ArcGIS\ArcToolbox\Toolboxes\Data Management Tools.tbx\Append" Date="20050921" Time="090532" export="">Append iceland_Layer H:\usb_drives\ArcticAtlas\CAVM\cavm_test.mdb\DissolvedData\merged TEST H:\usb_drives\ArcticAtlas\CAVM\cavm_test.mdb\DissolvedData\merged</Process><Process Name="FeatureClassToFeatureClass_9" ToolSource="U:\Program Files\ArcGIS\ArcToolbox\Toolboxes\Conversion Tools.tbx\FeatureClassToFeatureClass" Date="20050921" Time="090533" export="">FeatureClassToFeatureClass H:\usb_drives\ArcticAtlas\CAVM\cavm_test.mdb\veg\iceland H:\usb_drives\ArcticAtlas\CAVM\cavm_test.mdb\DissolvedData merged # "AREA AREA HIDDEN;PERIMETER PERIMETER HIDDEN;ICELAND_ ICELAND_ HIDDEN;ICELAND_ID ICELAND_ID HIDDEN;ZONE_ ZONE_ VISIBLE;PHYTO PHYTO VISIBLE;CHEM CHEM VISIBLE;LAKEAREA LAKEAREA VISIBLE;LAKEPIX LAKEPIX VISIBLE;LAKEPIXCAT LAKEPIXCAT VISIBLE;LANDSCAPE LANDSCAPE VISIBLE;PHYSIOG PHYSIOG VISIBLE;ILUM ILUM VISIBLE;Shape_Length Shape_Length VISIBLE;Shape_Area Shape_Area VISIBLE" SAME_AS_TEMPLATE SAME_AS_TEMPLATE # 0 H:\usb_drives\ArcticAtlas\CAVM\cavm_test.mdb\DissolvedData\merged</Process><Process Name="Append_10" ToolSource="U:\Program Files\ArcGIS\ArcToolbox\Toolboxes\Data Management Tools.tbx\Append" Date="20050921" Time="090604" export="">Append H:\usb_drives\ArcticAtlas\CAVM\cavm_test.mdb\veg\greenland H:\usb_drives\ArcticAtlas\CAVM\cavm_test.mdb\DissolvedData\merged NO_TEST H:\usb_drives\ArcticAtlas\CAVM\cavm_test.mdb\DissolvedData\merged</Process><Process Name="Append_12" ToolSource="U:\Program Files\ArcGIS\ArcToolbox\Toolboxes\Data Management Tools.tbx\Append" Date="20050921" Time="090929" export="">Append H:\usb_drives\ArcticAtlas\CAVM\cavm_test.mdb\veg\akcan;H:\usb_drives\ArcticAtlas\CAVM\cavm_test.mdb\veg\russia;H:\usb_drives\ArcticAtlas\CAVM\cavm_test.mdb\veg\svalbard H:\usb_drives\ArcticAtlas\CAVM\cavm_test.mdb\DissolvedData\merged NO_TEST H:\usb_drives\ArcticAtlas\CAVM\cavm_test.mdb\DissolvedData\merged</Process><Process Name="Dissolve_14" ToolSource="U:\Program Files\ArcGIS\ArcToolbox\Toolboxes\Data Management Tools.tbx\Dissolve" Date="20050921" Time="092148" export="">Dissolve H:\usb_drives\ArcticAtlas\CAVM\cavm_test.mdb\DissolvedData\mergedCAVM H:\usb_drives\ArcticAtlas\CAVM\cavm_test.mdb\DissolvedData\bioclimate ZONE_ # MULTI_PART</Process><Process ToolSource="c:\program files (x86)\arcgis\desktop10.1\ArcToolbox\Toolboxes\Conversion Tools.tbx\FeatureClassToFeatureClass" Date="20140704" Time="105014" Name="" export="">FeatureClassToFeatureClass G:\atlas_web_site\CAVM\cavmPub_la.mdb\Cavm_Layers\bioclimate "G:\Pre-Above web maps\AGA_Circumpolar\aga_circumpolar_geobotanical_2003\aga_circumpolar_geobotanical_2003" aga_circumpolar_bioclimate_2003.shp # "Shape_Leng "Shape_Length" false true true 8 Double 0 0 ,First,#,G:\atlas_web_site\CAVM\cavmPub_la.mdb\Cavm_Layers\bioclimate,Shape_Length,-1,-1;Shape_Area "Shape_Area" false true true 8 Double 0 0 ,First,#,G:\atlas_web_site\CAVM\cavmPub_la.mdb\Cavm_Layers\bioclimate,Shape_Area,-1,-1;biozone "biozone" true true false 2 Short 0 0 ,First,#,G:\atlas_web_site\CAVM\cavmPub_la.mdb\Cavm_Layers\bioclimate,biozone,-1,-1" #</Process></lineage><itemProps><itemName Sync="TRUE">aga_circumpolar_bioclimate_2003</itemName><nativeExtBox><westBL Sync="TRUE">-2450815.200000</westBL><eastBL Sync="TRUE">3686858.800000</eastBL><southBL Sync="TRUE">-3279878.000000</southBL><northBL Sync="TRUE">2575376.000000</northBL><exTypeCode Sync="TRUE">1</exTypeCode></nativeExtBox><itemLocation><linkage Sync="TRUE">file://\\gulch.geobotany.uaf.edu\GIS\Pre-Above web maps\AGA_Circumpolar\aga_circumpolar_cavm_2003\aga_circumpolar_bioclimate_2003\aga_circumpolar_bioclimate_2003_gis\aga_circumpolar_bioclimate_2003.shp</linkage><protocol Sync="TRUE">Local Area Network</protocol></itemLocation><itemSize Sync="TRUE">2.784</itemSize><imsContentType Sync="TRUE">002</imsContentType></itemProps><coordRef><type Sync="TRUE">Projected</type><geogcsn Sync="TRUE">GCS_Sphere_ARC_INFO</geogcsn><csUnits Sync="TRUE">Linear Unit: Meter (1.000000)</csUnits><projcsn Sync="TRUE">Sphere_ARC_INFO_Lambert_Azimuthal_Equal_Area</projcsn><peXml Sync="TRUE">&lt;ProjectedCoordinateSystem xsi:type='typens:ProjectedCoordinateSystem' xmlns:xsi='http://www.w3.org/2001/XMLSchema-instance' xmlns:xs='http://www.w3.org/2001/XMLSchema' xmlns:typens='http://www.esri.com/schemas/ArcGIS/10.1'&gt;&lt;WKT&gt;PROJCS[&amp;quot;Sphere_ARC_INFO_Lambert_Azimuthal_Equal_Area&amp;quot;,GEOGCS[&amp;quot;GCS_Sphere_ARC_INFO&amp;quot;,DATUM[&amp;quot;D_Sphere_ARC_INFO&amp;quot;,SPHEROID[&amp;quot;Sphere_ARC_INFO&amp;quot;,6370997.0,0.0]],PRIMEM[&amp;quot;Greenwich&amp;quot;,0.0],UNIT[&amp;quot;Degree&amp;quot;,0.0174532925199433]],PROJECTION[&amp;quot;Lambert_Azimuthal_Equal_Area&amp;quot;],PARAMETER[&amp;quot;False_Easting&amp;quot;,0.0],PARAMETER[&amp;quot;False_Northing&amp;quot;,0.0],PARAMETER[&amp;quot;Central_Meridian&amp;quot;,-180.0],PARAMETER[&amp;quot;Latitude_Of_Origin&amp;quot;,90.0],UNIT[&amp;quot;Meter&amp;quot;,1.0]]&lt;/WKT&gt;&lt;XOrigin&gt;-12742100&lt;/XOrigin&gt;&lt;YOrigin&gt;-12742100&lt;/YOrigin&gt;&lt;XYScale&gt;353442495.92849648&lt;/XYScale&gt;&lt;ZOrigin&gt;-100000&lt;/ZOrigin&gt;&lt;ZScale&gt;10000&lt;/ZScale&gt;&lt;MOrigin&gt;-100000&lt;/MOrigin&gt;&lt;MScale&gt;10000&lt;/MScale&gt;&lt;XYTolerance&gt;0.001&lt;/XYTolerance&gt;&lt;ZTolerance&gt;0.001&lt;/ZTolerance&gt;&lt;MTolerance&gt;0.001&lt;/MTolerance&gt;&lt;HighPrecision&gt;true&lt;/HighPrecision&gt;&lt;/ProjectedCoordinateSystem&gt;</peXml></coordRef><copyHistory><copy source="G:\Pre-Above web maps\AGA_Circumpolar\aga_circumpolar_geobotanical_2003\aga_circumpolar_geobotanical_2003\aga_circumpolar_bioclimate_2003" dest="\\gulch.geobotany.uaf.edu\GIS\Pre-Above web maps\AGA_Circumpolar\aga_circumpolar_geobotanical_2003\aga_circumpolar_bioclimate_2003" date="20140704" time="10504700"/></copyHistory></DataProperties><SyncDate>20140710</SyncDate><SyncTime>09572700</SyncTime><ModDate>20140710</ModDate><ModTime>10162900</ModTime><MetaID>{1CF6563E-7BC4-40F5-A44E-6D91085F6ADD}</MetaID><ArcGISFormat>1.0</ArcGISFormat><scaleRange><minScale>5000000</minScale><maxScale>50000</maxScale></scaleRange><ArcGISProfile>FGDC</ArcGISProfile></Esri><mdLang><languageCode value="eng"/><countryCode value="USA" Sync="TRUE"/></mdLang><mdChar><CharSetCd value="004"/></mdChar><mdHrLv><ScopeCd value="005"/></mdHrLv><mdContact xmlns=""><rpOrgName>Alaska Geobotany Center</rpOrgName><rpPosName>GIS &amp; Remote Sensing Manager</rpPosName><rpCntInfo xmlns=""><cntPhone><voiceNum tddtty="">907.474.6720</voiceNum></cntPhone><cntAddress addressType="both"><delPoint>Institute of Arctic Biology</delPoint><delPoint>University of Alaska Fairbanks</delPoint><city>Fairbanks</city><adminArea>AK</adminArea><postCode>99775</postCode><country>US</country><eMailAdd>mkraynolds@alaska.edu</eMailAdd></cntAddress></rpCntInfo><role><RoleCd value="007"/></role></mdContact><mdStanName>ArcGIS Metadata</mdStanName><mdStanVer>1.0</mdStanVer><distInfo xmlns=""><distributor xmlns=""><distorCont xmlns=""><rpOrgName>Alaska Geobotany Center</rpOrgName><rpPosName>GIS and Remote Sensing Manager</rpPosName><rpCntInfo xmlns=""><cntPhone><voiceNum tddtty="">907.474.6720</voiceNum></cntPhone><cntAddress addressType="both"><delPoint>University of Alaska Fairbanks</delPoint><delPoint>Alaska Goebotany Center</delPoint><city>Fairbanks</city><adminArea>AK</adminArea><postCode>99775</postCode><country>US</country><eMailAdd>mkraynolds@alaska.edu</eMailAdd></cntAddress></rpCntInfo><role><RoleCd value="005"/></role></distorCont><distorOrdPrc xmlns=""><resFees units="">none</resFees></distorOrdPrc><distorFormat xmlns=""><formatName>Compressed Shape File</formatName><formatVer>v1</formatVer></distorFormat><distorTran xmlns=""><onLineSrc><linkage>http://data.arcticatlas.org/</linkage></onLineSrc></distorTran></distributor><distTranOps xmlns=""><onLineSrc xmlns=""><linkage>http://www.arcticatlas.org/theme/cavm_metadata.pdf</linkage></onLineSrc><transSize Sync="TRUE">2.784</transSize></distTranOps><distFormat xmlns=""><formatName Sync="TRUE">Shapefile</formatName><formatVer>v 1</formatVer></distFormat></distInfo><dataIdInfo><idCitation xmlns=""><date><pubDate>2003-12-10</pubDate></date><citRespParty xmlns=""><rpOrgName>Alaska Geobotany Center</rpOrgName><role><RoleCd value="006"/></role></citRespParty><otherCitDet>Suggested Citation: Alaska Geobotany Center 2003. Circumpolar Arctic AVHRR Image</otherCitDet><resTitle Sync="TRUE">aga_circumpolar_bioclimate_2003</resTitle><presForm xmlns=""><PresFormCd value="005" Sync="TRUE"/></presForm></idCitation><idAbs>&lt;DIV STYLE="text-align:Left;"&gt;&lt;DIV&gt;&lt;DIV&gt;&lt;P STYLE="font-style:italic;font-weight:bold;"&gt;&lt;SPAN&gt;&lt;SPAN&gt;Bioclimate subzone&lt;/SPAN&gt;&lt;/SPAN&gt;&lt;/P&gt;&lt;P&gt;&lt;SPAN&gt;&lt;SPAN&gt;The CAVM divides the Arctic into five bioclimate subzones based on a combination of summer temperature and vegetation. Subzone A is the coldest, most barren subzone, and Subzone E is the warmest and lushest. &lt;/SPAN&gt;&lt;/SPAN&gt;&lt;/P&gt;&lt;P /&gt;&lt;P STYLE="font-weight:bold;"&gt;&lt;SPAN&gt;&lt;SPAN&gt;Comparison with other zonation approaches&lt;/SPAN&gt;&lt;/SPAN&gt;&lt;/P&gt;&lt;P&gt;&lt;SPAN&gt;&lt;SPAN&gt;Different geobotanical traditions have divided the Arctic into bioclimatic regions using a variety of terminologies (see Table 1 CAVM). The origins of these different terms and approaches have been reviewed for the PanArctic Flora (PAF) initiative. The PAF and CAVM have accepted the five-subzone approach used here (Elvebakk et al. 1999).&lt;/SPAN&gt;&lt;/SPAN&gt;&lt;/P&gt;&lt;P /&gt;&lt;P STYLE="font-weight:bold;"&gt;&lt;SPAN&gt;&lt;SPAN&gt;Description of Arctic bioclimate subzone categories A-E&lt;/SPAN&gt;&lt;/SPAN&gt;&lt;/P&gt;&lt;P&gt;&lt;SPAN&gt;&lt;SPAN&gt;As one moves from north to south across the Arctic, the amount of warmth available for plant growth increases. The mean July temperatures are near 0˚C on the northernmost islands. At these temperatures, plants are at their metabolic limits, and small differences in the total amount of summer warmth make large differences in the amount of energy available for maintenance, growth, and reproduction. Warmer summer temperatures cause the size, horizontal cover, abundance, productivity and variety of plants to increase (see Table 2 CAVM). Woody plants and sedges are absent in Subzone A, where mean July temperatures are less than 3˚C. Woody plants first occur in Subzone B (mean July temperatures about 3-5˚ C) as prostrate (creeping) dwarf shrubs, and increase in stature to hemiprostrate dwarf shrubs (&amp;lt;15 cm tall) in Subzone C (mean July temperatures about 5-7˚C, erect dwarf shrubs (&amp;lt;40 cm tall) in Subzone D (mean July temperature about 7-9˚C), and low shrubs (40-200 cm tall) in Subzone E (mean July temperature about 9-12˚C. At treeline, where the mean July temperatures are between 10 and 12˚C, woody shrubs up to 2 meters tall are abundant. The number of plants in local floras available to form plant communities increases from fewer than 50 species in the coldest parts of the Arctic to as many as 500 species near treeline. &lt;/SPAN&gt;&lt;/SPAN&gt;&lt;/P&gt;&lt;P /&gt;&lt;P&gt;&lt;SPAN&gt;&lt;SPAN&gt;Table 8. CAVM bioclimate subzones of the tundra bioclimate zone and their ArcGIS coverage codes.&lt;/SPAN&gt;&lt;/SPAN&gt;&lt;/P&gt;&lt;P /&gt;&lt;TABLE&gt;&lt;TBODY&gt;&lt;TR&gt;&lt;TD&gt;&lt;P STYLE="font-weight:bold;"&gt;&lt;SPAN&gt;&lt;SPAN&gt;Bioclimate Subzone&lt;/SPAN&gt;&lt;/SPAN&gt;&lt;/P&gt;&lt;/TD&gt;&lt;TD&gt;&lt;P STYLE="font-weight:bold;"&gt;&lt;SPAN&gt;&lt;SPAN&gt;ArcGIS Code&lt;/SPAN&gt;&lt;/SPAN&gt;&lt;/P&gt;&lt;/TD&gt;&lt;/TR&gt;&lt;TR&gt;&lt;TD&gt;&lt;P STYLE="text-align:Center;"&gt;&lt;SPAN&gt;&lt;SPAN&gt;A&lt;/SPAN&gt;&lt;/SPAN&gt;&lt;/P&gt;&lt;/TD&gt;&lt;TD&gt;&lt;P STYLE="text-align:Center;"&gt;&lt;SPAN&gt;&lt;SPAN&gt;1&lt;/SPAN&gt;&lt;/SPAN&gt;&lt;/P&gt;&lt;/TD&gt;&lt;/TR&gt;&lt;TR&gt;&lt;TD&gt;&lt;P STYLE="text-align:Center;"&gt;&lt;SPAN&gt;&lt;SPAN&gt;B&lt;/SPAN&gt;&lt;/SPAN&gt;&lt;/P&gt;&lt;/TD&gt;&lt;TD&gt;&lt;P STYLE="text-align:Center;"&gt;&lt;SPAN&gt;&lt;SPAN&gt;2&lt;/SPAN&gt;&lt;/SPAN&gt;&lt;/P&gt;&lt;/TD&gt;&lt;/TR&gt;&lt;TR&gt;&lt;TD&gt;&lt;P STYLE="text-align:Center;"&gt;&lt;SPAN&gt;&lt;SPAN&gt;C&lt;/SPAN&gt;&lt;/SPAN&gt;&lt;/P&gt;&lt;/TD&gt;&lt;TD&gt;&lt;P STYLE="text-align:Center;"&gt;&lt;SPAN&gt;&lt;SPAN&gt;3&lt;/SPAN&gt;&lt;/SPAN&gt;&lt;/P&gt;&lt;/TD&gt;&lt;/TR&gt;&lt;TR&gt;&lt;TD&gt;&lt;P STYLE="text-align:Center;"&gt;&lt;SPAN&gt;&lt;SPAN&gt;D&lt;/SPAN&gt;&lt;/SPAN&gt;&lt;/P&gt;&lt;/TD&gt;&lt;TD&gt;&lt;P STYLE="text-align:Center;"&gt;&lt;SPAN&gt;&lt;SPAN&gt;4&lt;/SPAN&gt;&lt;/SPAN&gt;&lt;/P&gt;&lt;/TD&gt;&lt;/TR&gt;&lt;TR&gt;&lt;TD&gt;&lt;P STYLE="text-align:Center;"&gt;&lt;SPAN&gt;&lt;SPAN&gt;E&lt;/SPAN&gt;&lt;/SPAN&gt;&lt;/P&gt;&lt;/TD&gt;&lt;TD&gt;&lt;P STYLE="text-align:Center;"&gt;&lt;SPAN&gt;&lt;SPAN&gt;5&lt;/SPAN&gt;&lt;/SPAN&gt;&lt;/P&gt;&lt;/TD&gt;&lt;/TR&gt;&lt;TR&gt;&lt;TD&gt;&lt;P STYLE="text-align:Center;"&gt;&lt;SPAN&gt;&lt;SPAN&gt;Boreal (non-Arctic)&lt;/SPAN&gt;&lt;/SPAN&gt;&lt;/P&gt;&lt;/TD&gt;&lt;TD&gt;&lt;P STYLE="text-align:Center;"&gt;&lt;SPAN&gt;&lt;SPAN&gt;6&lt;/SPAN&gt;&lt;/SPAN&gt;&lt;/P&gt;&lt;/TD&gt;&lt;/TR&gt;&lt;TR&gt;&lt;TD&gt;&lt;P STYLE="text-align:Center;"&gt;&lt;SPAN&gt;&lt;SPAN&gt;Greenland Ice cap&lt;/SPAN&gt;&lt;/SPAN&gt;&lt;/P&gt;&lt;/TD&gt;&lt;TD&gt;&lt;P STYLE="text-align:Center;"&gt;&lt;SPAN&gt;&lt;SPAN&gt;9&lt;/SPAN&gt;&lt;/SPAN&gt;&lt;/P&gt;&lt;/TD&gt;&lt;/TR&gt;&lt;/TBODY&gt;&lt;/TABLE&gt;&lt;P /&gt;&lt;P STYLE="font-weight:bold;"&gt;&lt;SPAN&gt;&lt;SPAN&gt;Mapping process&lt;/SPAN&gt;&lt;/SPAN&gt;&lt;/P&gt;&lt;P&gt;&lt;SPAN&gt;&lt;SPAN&gt;Initial bioclimate subzone boundaries were taken from the Panarctic Flora (PAF) initiative (Elvebakk et al. 1999, see CAVM for additional references). The boundaries were drawn by the mappers for individual countries, and then adjusted to follow existing vegetation polygon boundaries. The vegetation polygons are drawn at a much finer resolution than the bioclimate subzone boundaries, so little information was lost in this process. Most areas are mapped with broad bands of bioclimate subzones, but Svalbard subzones were mapped in more detail, showing the changes that occur from the coast inland, and so that section of the map contains many small subzone polygons. &lt;/SPAN&gt;&lt;/SPAN&gt;&lt;SPAN STYLE="font-style:italic;"&gt;&lt;SPAN&gt;Canada&lt;/SPAN&gt;&lt;/SPAN&gt;&lt;SPAN&gt;&lt;SPAN&gt;- PAF boundaries adjusted by W.A. Gould to match data from Edlund (pers.comm.) and personal knowledge. &lt;/SPAN&gt;&lt;/SPAN&gt;&lt;SPAN STYLE="font-style:italic;"&gt;&lt;SPAN&gt;Greenland&lt;/SPAN&gt;&lt;/SPAN&gt;&lt;SPAN&gt;&lt;SPAN&gt;- Boundaries drawn &lt;/SPAN&gt;&lt;/SPAN&gt;&lt;SPAN&gt;&lt;SPAN&gt;by F.J.A. Danië&lt;/SPAN&gt;&lt;/SPAN&gt;&lt;SPAN&gt;&lt;SPAN&gt;ls. &lt;/SPAN&gt;&lt;/SPAN&gt;&lt;SPAN STYLE="font-style:italic;"&gt;&lt;SPAN&gt;Iceland&lt;/SPAN&gt;&lt;/SPAN&gt;&lt;SPAN&gt;&lt;SPAN&gt;- all subzone E. &lt;/SPAN&gt;&lt;/SPAN&gt;&lt;SPAN STYLE="font-style:italic;"&gt;&lt;SPAN&gt;Norway&lt;/SPAN&gt;&lt;/SPAN&gt;&lt;SPAN&gt;&lt;SPAN&gt;- Boundaries drawn by A. Elvebakk. &lt;/SPAN&gt;&lt;/SPAN&gt;&lt;SPAN STYLE="font-style:italic;"&gt;&lt;SPAN&gt;Russia&lt;/SPAN&gt;&lt;/SPAN&gt;&lt;SPAN&gt;&lt;SPAN&gt;- PAF boundaries modified by B.A. Yurtsev, especially Yakutia and Chukotka. The data from Russia included a sixth subzone (&lt;/SPAN&gt;&lt;/SPAN&gt;&lt;SPAN STYLE="font-style:italic;"&gt;&lt;SPAN&gt;stlanik&lt;/SPAN&gt;&lt;/SPAN&gt;&lt;SPAN&gt;&lt;SPAN&gt;areas), and subdivided the subzones into mountainous and non-mountainous areas. There are a number of boreal inclusion areas mapped within Chukotka. The boundaries of these polygons are much more detailed than the generalized zonal boundaries in the rest of Russia. &lt;/SPAN&gt;&lt;/SPAN&gt;&lt;SPAN STYLE="font-style:italic;"&gt;&lt;SPAN&gt;United States&lt;/SPAN&gt;&lt;/SPAN&gt;&lt;SPAN&gt;&lt;SPAN&gt;- PAF boundaries modified in details by D.A. Walker and M.K. Raynolds, mostly along southern edge of Subzone E (see tree line metadata).&lt;/SPAN&gt;&lt;/SPAN&gt;&lt;/P&gt;&lt;P /&gt;&lt;P STYLE="margin:0 0 0 20;"&gt;&lt;SPAN&gt;&lt;SPAN&gt;Elvebakk, A., R. Elven and V. Y. Razzhivin. 1999. Delimitation, zonal and sectoral subdivision of the Arctic for the Panarctic Flora Project. Pages 375-386 &lt;/SPAN&gt;&lt;/SPAN&gt;&lt;SPAN STYLE="font-style:italic;"&gt;&lt;SPAN&gt;in&lt;/SPAN&gt;&lt;/SPAN&gt;&lt;SPAN&gt;&lt;SPAN&gt;I. Nordal and V. Y. Razzhivin (eds&lt;/SPAN&gt;&lt;/SPAN&gt;&lt;SPAN STYLE="font-style:italic;"&gt;&lt;SPAN&gt;.) The Species Concept in the High North - A Panarctic Flora Initiative&lt;/SPAN&gt;&lt;/SPAN&gt;&lt;SPAN&gt;&lt;SPAN&gt;. The Norwegian Academy of Science and Letters, Oslo, Norway.&lt;/SPAN&gt;&lt;/SPAN&gt;&lt;/P&gt;&lt;P&gt;&lt;SPAN /&gt;&lt;/P&gt;&lt;/DIV&gt;&lt;/DIV&gt;&lt;/DIV&gt;</idAbs><idPurp>Arctic vegetation can be characterized by plant communities and growth forms that occur in different bioclimate subzones of the Tundra Bioclimate Zone. This map defines 5 Arctic Tundra Bioclimate Subzones.</idPurp><idCredit>Glaciers and oceans were masked out using information from the Digital Chart of the World (ESRI 1993).</idCredit><idStatus><ProgCd value="001"/></idStatus><idPoC xmlns=""><rpOrgName>Alaska Geobotany Center</rpOrgName><rpPosName>GIS &amp; Remote Sensing Manager</rpPosName><rpCntInfo xmlns=""><cntPhone><voiceNum tddtty="">907.474.6720</voiceNum></cntPhone><cntAddress addressType="both"><delPoint>Institute of Arctic Biology</delPoint><delPoint>University of Alaska Fairbanks</delPoint><city>Fairbanks</city><adminArea>AK</adminArea><postCode>99775</postCode><country>US</country><eMailAdd>mkraynolds@alaska.edu</eMailAdd></cntAddress></rpCntInfo><role><RoleCd value="007"/></role></idPoC><resMaint><maintFreq><MaintFreqCd value="011"/></maintFreq></resMaint><placeKeys><keyword>Iceland</keyword><keyword>Greenland</keyword><keyword>United States</keyword><keyword>Svalbard</keyword><keyword>Alaska</keyword><keyword>cicumpolar arctic</keyword><keyword>Norway</keyword><keyword>Canada</keyword><keyword>Russia</keyword></placeKeys><themeKeys><keyword>vegetation</keyword><keyword>Bioclimate subzone</keyword><keyword>temperature</keyword><keyword>map</keyword><keyword>NDVI</keyword><keyword>Image</keyword><keyword>CAVM</keyword></themeKeys><searchKeys><keyword>vegetation</keyword><keyword>Bioclimate subzone</keyword><keyword>temperature</keyword><keyword>map</keyword><keyword>Iceland</keyword><keyword>Greenland</keyword><keyword>NDVI</keyword><keyword>United States</keyword><keyword>Image</keyword><keyword>Svalbard</keyword><keyword>Alaska</keyword><keyword>cicumpolar arctic</keyword><keyword>Norway</keyword><keyword>CAVM</keyword><keyword>Canada</keyword><keyword>Russia</keyword></searchKeys><resConst><LegConsts><useLimit>none</useLimit></LegConsts></resConst><resConst><Consts><useLimit>&lt;DIV STYLE="text-align:Left;"&gt;&lt;DIV&gt;&lt;DIV&gt;&lt;P&gt;&lt;SPAN&gt;Data provided by the Alaska Geobotany Center are copyright protected under the provisions of a Creative Commons Attribution-NonCommercial-ShareAlike License (http://creativecommons.org/licenses/by-nc-sa/1.0/). Materials may be freely downloaded, reprinted and redistributed for non-commercial use. Reproduction and redistribution of the materials on this web site, including derivative works, shall give credit to the Alaska Geobotany Center and remain subject to the above license. Any web pages that use this material shall contain a link pointing to the Alaska Geobotany Center home page (http://www.geobotany.uaf.edu/).&lt;/SPAN&gt;&lt;/P&gt;&lt;/DIV&gt;&lt;/DIV&gt;&lt;/DIV&gt;</useLimit></Consts></resConst><dataLang><languageCode value="eng"/><countryCode value="USA" Sync="TRUE"/></dataLang><dataExt><exDesc>publication date</exDesc><tempEle><TempExtent><exTemp><TM_Instant><tmPosition>2003-01-01</tmPosition></TM_Instant></exTemp></TempExtent></tempEle></dataExt><envirDesc Sync="TRUE">Microsoft Windows 7 Version 6.1 (Build 7601) Service Pack 1; Esri ArcGIS 10.2.1.3497</envirDesc><spatRpType><SpatRepTypCd value="001" Sync="TRUE"/></spatRpType><dataExt><geoEle xmlns=""><GeoBndBox esriExtentType="search"><exTypeCode Sync="TRUE">1</exTypeCode><westBL Sync="TRUE">-180.000000</westBL><eastBL Sync="TRUE">180.000000</eastBL><northBL Sync="TRUE">90.000000</northBL><southBL Sync="TRUE">44.430200</southBL></GeoBndBox></geoEle></dataExt></dataIdInfo><dqInfo xmlns=""><dqScope><scpLvl><ScopeCd value="005"/></scpLvl></dqScope><dataLineage><dataSource><srcDesc>Digital elevation model</srcDesc><srcCitatn><resTitle>Global 30 Arc-Second Elevation Data Set</resTitle><resAltTitle>DEM</resAltTitle><date><pubDate>2003-01-01</pubDate></date><citRespParty><rpOrgName>USGS EROS Data Center</rpOrgName><role><RoleCd value="006"/></role></citRespParty><citOnlineRes><linkage>http://edcdaac.usgs.gov/gtopo30/gtopo30.asp</linkage></citOnlineRes></srcCitatn><srcExt><exDesc>ground condition</exDesc><tempEle><TempExtent><exTemp><TM_Instant><tmPosition>1993-01-01</tmPosition></TM_Instant></exTemp></TempExtent></tempEle><tempEle><TempExtent><exTemp><TM_Instant><tmPosition>1995-01-01</tmPosition></TM_Instant></exTemp></TempExtent></tempEle></srcExt></dataSource><dataSource><srcDesc>False-color infrared basemap, NDVI</srcDesc><srcMedName><MedNameCd value="001"/></srcMedName><srcScale><rfDenom>1000000</rfDenom></srcScale><srcCitatn><resTitle>AVHRR imagery</resTitle><resAltTitle>AVHRR</resAltTitle><date><pubDate>1993-19-95</pubDate></date><citRespParty><rpOrgName>USGS Alaska Geographic Science Office</rpOrgName><role><RoleCd value="006"/></role></citRespParty></srcCitatn><srcExt><exDesc>ground condition</exDesc><tempEle><TempExtent><exTemp><TM_Instant><tmPosition>1995-01-01</tmPosition></TM_Instant></exTemp></TempExtent></tempEle><tempEle><TempExtent><exTemp><TM_Instant><tmPosition>1993-01-01</tmPosition></TM_Instant></exTemp></TempExtent></tempEle></srcExt></dataSource><dataSource><srcDesc>coastline and glacier masks</srcDesc><srcCitatn><resTitle>Digital Chart of the World, Sept. 1993 Edition 1</resTitle><resAltTitle>DCW</resAltTitle><date><pubDate>1993-01-01</pubDate></date><citRespParty><rpOrgName>Environmental Systems Research Institute, Inc. Redlands, CA</rpOrgName><role><RoleCd value="006"/></role></citRespParty></srcCitatn><srcExt><exDesc>ground condition</exDesc><tempEle><TempExtent><exTemp><TM_Instant><tmPosition>1993-01-01</tmPosition></TM_Instant></exTemp></TempExtent></tempEle><tempEle><TempExtent><exTemp><TM_Instant><tmPosition>1995-01-01</tmPosition></TM_Instant></exTemp></TempExtent></tempEle></srcExt></dataSource><prcStep><stepDesc>Russia - PAF boundaries modified by B.A. Yurtsev, especially Yakutia and Chukotka. The data from Russia included a sixth subzone (stlanik areas), and subdivided the subzones into mountainous and non-mountainous areas. There are a number of boreal inclusion areas mapped within Chukotka. The boundaries of these polygons are much more detailed than the generalized zonal boundaries in the rest of Russia.</stepDesc><stepDateTm>2003-01-01</stepDateTm></prcStep><prcStep><stepDesc>Norway - Boundaries drawn by A. Elvebakk.</stepDesc><stepDateTm>2003-01-01</stepDateTm></prcStep><prcStep><stepDesc>Iceland - all subzone E.</stepDesc><stepDateTm>2003-01-01</stepDateTm></prcStep><prcStep><stepDesc>United States - PAF boundaries modified in details by D.A. Walker and M.K. Raynolds, mostly along southern edge of Subzone E (see tree line metadata).</stepDesc><stepDateTm>2003-01-01</stepDateTm></prcStep><prcStep><stepDesc>Canada - PAF boundaries adjusted by W.A. Gould to match data from Edlund (pers.comm.) and personal knowledge. Greenland - Boundaries drawn by F.J.A. Danils. Iceland - all subzone E. Norway - Boundaries drawn by A. Elvebakk. Russia - PAF boundaries modified by B.A. Yurtsev, especially Yakutia and Chukotka. The data from Russia included a sixth subzone (stlanik areas), and subdivided the subzones into mountainous and non-mountainous areas. There are a number of boreal inclusion areas mapped within Chukotka. The boundaries of these polygons are much more detailed than the generalized zonal boundaries in the rest of Russia. United States - PAF boundaries modified in details by D.A. Walker and M.K. Raynolds, mostly along southern edge of Subzone E (see tree line metadata).</stepDesc><stepDateTm>2003-01-01</stepDateTm></prcStep><prcStep><stepDesc>Initial bioclimate subzone boundaries were taken from the Panarctic Flora (PAF) initiative (Elvebakk et al. 1999, see CAVM for additional references). The boundaries were adjusted by the mappers for individual countries, and then moved to follow existing vegetation polygon boundaries. The vegetation polygons are drawn at a much finer resolution than the bioclimate subzone boundaries, so little information was lost in this process. Most areas are mapped with broad bands of bioclimate subzones, but Svalbard subzones were mapped in more detail, showing the changes that occur from the coast inland, and so that section of the map contains many small subzone polygons.</stepDesc><stepDateTm>2003-01-01</stepDateTm></prcStep><prcStep><stepDesc>Greenland - Boundaries drawn by F.J.A. Danils.</stepDesc><stepDateTm>2003-01-01</stepDateTm></prcStep></dataLineage></dqInfo><eainfo><detailed Name="aga_circumpolar_bioclimate_2003" xmlns=""><enttyp><enttypl Sync="TRUE">aga_circumpolar_bioclimate_2003</enttypl><enttypt Sync="TRUE">Feature Class</enttypt><enttypc Sync="TRUE">7</enttypc><enttypd>ESRI</enttypd><enttypds>ESRi</enttypds></enttyp><attr xmlns=""><attrlabl>FID</attrlabl><attrdef>Internal feature number.</attrdef><attrdefs>ESRI</attrdefs><attrdomv><udom>Sequential unique whole numbers that are automatically generated.</udom></attrdomv><attalias Sync="TRUE">FID</attalias><attrtype Sync="TRUE">OID</attrtype><attwidth Sync="TRUE">4</attwidth><atprecis Sync="TRUE">0</atprecis><attscale Sync="TRUE">0</attscale></attr><attr xmlns=""><attrlabl>Shape</attrlabl><attrdef>Feature geometry.</attrdef><attrdefs>ESRI</attrdefs><attrdomv><udom>Coordinates defining the features.</udom></attrdomv><attalias Sync="TRUE">Shape</attalias><attrtype Sync="TRUE">Geometry</attrtype><attwidth Sync="TRUE">0</attwidth><atprecis Sync="TRUE">0</atprecis><attscale Sync="TRUE">0</attscale></attr><attr xmlns=""><attrlabl Sync="TRUE">Shape_Leng</attrlabl><attalias Sync="TRUE">Shape_Leng</attalias><attrtype Sync="TRUE">Double</attrtype><attwidth Sync="TRUE">19</attwidth><atprecis Sync="TRUE">0</atprecis><attscale Sync="TRUE">0</attscale><attrdef>ESRI</attrdef><attrdefs>ESRI</attrdefs></attr><attr xmlns=""><attrlabl Sync="TRUE">Shape_Area</attrlabl><attalias Sync="TRUE">Shape_Area</attalias><attrtype Sync="TRUE">Double</attrtype><attwidth Sync="TRUE">19</attwidth><atprecis Sync="TRUE">0</atprecis><attscale Sync="TRUE">0</attscale><attrdef Sync="TRUE">Area of feature in internal units squared.</attrdef><attrdefs Sync="TRUE">Esri</attrdefs><attrdomv><udom Sync="TRUE">Positive real numbers that are automatically generated.</udom></attrdomv></attr><attr xmlns=""><attrlabl Sync="TRUE">biozone</attrlabl><attalias Sync="TRUE">biozone</attalias><attrtype Sync="TRUE">SmallInteger</attrtype><attwidth Sync="TRUE">4</attwidth><atprecis Sync="TRUE">4</atprecis><attscale Sync="TRUE">0</attscale><attrdef>arctic tundra bioclimate subzone</attrdef><attrdefs>Circumpolar Arctic Vegetation Map</attrdefs><attrdomv><edom xmlns=""><edomv>1</edomv><edomvd>Tundra Bioclimate Subzone A</edomvd><edomvds>CAVM</edomvds></edom><edom xmlns=""><edomv>2</edomv><edomvd>Tundra Bioclimate Subzone  B</edomvd><edomvds>CAVM</edomvds></edom><edom xmlns=""><edomv>3</edomv><edomvd>Tundra Bioclimate Subzone C</edomvd><edomvds>CAVM</edomvds></edom><edom xmlns=""><edomv>4</edomv><edomvd>Tundra Bioclimate Subzone D</edomvd><edomvds>CAVM</edomvds></edom><edom xmlns=""><edomv>5</edomv><edomvd>Tundra Bioclimate Subzone E</edomvd><edomvds>CAVM</edomvds></edom><edom xmlns=""><edomv>6</edomv><edomvd>Non-Arctic</edomvd><edomvds>CAVM</edomvds></edom><edom xmlns=""><edomv>9</edomv><edomvd>Greenland Ice Cap</edomvd><edomvds>Digital Map of the World</edomvds></edom></attrdomv></attr></detailed></eainfo><mdHrLvName Sync="TRUE">dataset</mdHrLvName><refSysInfo><RefSystem><refSysID><identCode code="0" Sync="TRUE"/></refSysID></RefSystem></refSysInfo><spatRepInfo><VectSpatRep><geometObjs Name="aga_circumpolar_bioclimate_2003"><geoObjTyp><GeoObjTypCd value="002" Sync="TRUE"/></geoObjTyp><geoObjCnt Sync="TRUE">7</geoObjCnt></geometObjs><topLvl><TopoLevCd value="001" Sync="TRUE"/></topLvl></VectSpatRep></spatRepInfo><spdoinfo><ptvctinf><esriterm Name="aga_circumpolar_bioclimate_2003"><efeatyp Sync="TRUE">Simple</efeatyp><efeageom code="4" Sync="TRUE"/><esritopo Sync="TRUE">FALSE</esritopo><efeacnt Sync="TRUE">7</efeacnt><spindex Sync="TRUE">FALSE</spindex><linrefer Sync="TRUE">FALSE</linrefer></esriterm></ptvctinf></spdoinfo><mdDateSt Sync="TRUE">20140710</mdDateSt></metadata>
